<?xml version="1.0" encoding="utf-8" standalone="yes"?><rss version="2.0" xmlns:atom="http://www.w3.org/2005/Atom"><channel><title>Docs on Пишем ботов для Telegram на языке Python</title><link>https://mastergroosha.github.io/telegram-tutorial/docs/</link><description>Recent content in Docs on Пишем ботов для Telegram на языке Python</description><generator>Hugo -- gohugo.io</generator><language>ru-RU</language><atom:link href="https://mastergroosha.github.io/telegram-tutorial/docs/index.xml" rel="self" type="application/rss+xml"/><item><title/><link>https://mastergroosha.github.io/telegram-tutorial/dev/cheatsheet/</link><pubDate>Mon, 01 Jan 0001 00:00:00 +0000</pubDate><guid>https://mastergroosha.github.io/telegram-tutorial/dev/cheatsheet/</guid><description>Cheatsheet Buttons Buttons are styled links that can lead to local page or external link.
{{&amp;lt; button relref=&amp;#34;/&amp;#34; [class=&amp;#34;...&amp;#34;] &amp;gt;}}Get Home{{&amp;lt; /button &amp;gt;}} {{&amp;lt; button href=&amp;#34;https://github.com/alex-shpak/hugo-book&amp;#34; &amp;gt;}}Contribute{{&amp;lt; /button &amp;gt;}} Get Home Contribute Columns Columns help organize shorter pieces of content horizontally for readability.
{{&amp;lt; columns &amp;gt;}} &amp;lt;!-- begin columns block --&amp;gt; # Left Content Lorem markdownum insigne... &amp;lt;---&amp;gt; &amp;lt;!-- magic sparator, between columns --&amp;gt; # Mid Content Lorem markdownum insigne.</description></item></channel></rss>