<?xml version="1.0" encoding="utf-8" standalone="yes"?><rss version="2.0" xmlns:atom="http://www.w3.org/2005/Atom"><channel><title>aiogram on Пишем ботов для Telegram на языке Python</title><link>https://mastergroosha.github.io/telegram-tutorial/docs/aiogram/</link><description>Recent content in aiogram on Пишем ботов для Telegram на языке Python</description><generator>Hugo -- gohugo.io</generator><language>ru-RU</language><atom:link href="https://mastergroosha.github.io/telegram-tutorial/docs/aiogram/index.xml" rel="self" type="application/rss+xml"/><item><title>Урок 13</title><link>https://mastergroosha.github.io/telegram-tutorial/docs/lesson_13/</link><pubDate>Mon, 01 Jan 0001 00:00:00 +0000</pubDate><guid>https://mastergroosha.github.io/telegram-tutorial/docs/lesson_13/</guid><description>Введение Добро пожаловать в 2020! В последний раз мы рассматривали нововведения Bot API аж в далёком 2017 году, когда появилось удаление сообщений и ограничения в чатах. С тех пор вышло много чего интересного и, возможно, о чём-то стоит выпустить отдельные уроки.
А сегодня мы познакомимся с опросами 2.0, точнее, с новой сущностью: викторинами (quiz). Викторина – это именно то, что вы и предположили; тест с одним правильными вариантом ответа и ещё N неправильными.</description></item><item><title>Урок 14</title><link>https://mastergroosha.github.io/telegram-tutorial/docs/lesson_14/</link><pubDate>Mon, 01 Jan 0001 00:00:00 +0000</pubDate><guid>https://mastergroosha.github.io/telegram-tutorial/docs/lesson_14/</guid><description>Эта глава отныне доступна во второй версии книги, бесплатно, без регистрации и SMS.</description></item></channel></rss>