<?xml version="1.0" encoding="utf-8" standalone="yes"?><rss version="2.0" xmlns:atom="http://www.w3.org/2005/Atom"><channel><title>Предисловие on Пишем ботов для Telegram на языке Python</title><link>https://mastergroosha.github.io/telegram-tutorial/</link><description>Recent content in Предисловие on Пишем ботов для Telegram на языке Python</description><generator>Hugo -- gohugo.io</generator><language>ru-RU</language><lastBuildDate>Sun, 28 Sep 2014 00:00:00 +0000</lastBuildDate><atom:link href="https://mastergroosha.github.io/telegram-tutorial/index.xml" rel="self" type="application/rss+xml"/><item><title>Урок 0</title><link>https://mastergroosha.github.io/telegram-tutorial/docs/pyTelegramBotAPI/lesson_00/</link><pubDate>Mon, 01 Jan 0001 00:00:00 +0000</pubDate><guid>https://mastergroosha.github.io/telegram-tutorial/docs/pyTelegramBotAPI/lesson_00/</guid><description>Предисловие Весь текст ниже появился как попытка дать универсальный ответ на те вопросы, которые дорогие читатели присылали и продолжают присылать раз за разом. Здесь не будет кода, связанного с ботами напрямую, а лишь советы по организации процесса написания. И, конечно же, не нужно воспринимать это как истину в последней инстанции, напротив, выбирайте те инструменты и подходы к разработке, которые лично вам кажутся удобными. Важная деталь: текст написан в конце 2019 года.</description></item><item><title>Урок 1</title><link>https://mastergroosha.github.io/telegram-tutorial/docs/lesson_01/</link><pubDate>Mon, 01 Jan 0001 00:00:00 +0000</pubDate><guid>https://mastergroosha.github.io/telegram-tutorial/docs/lesson_01/</guid><description>Приветствую тебя, читатель! Telegram Bot API – это мощный инструмент для вообще чего угодно. Автоматизация действий, работа с пользователями, онлайн-магазины, игры и много чего ещё. В этом учебнике мы научимся писать ботов для Telegram на языке Python.
Сразу оговорюсь: тот бот, который получится в итоге - это лишь прототип, цель всех этих постов - рассказать об основах ботостроения, показать, как можно за короткое время написать простого бота для своих нужд.</description></item><item><title>Урок 2</title><link>https://mastergroosha.github.io/telegram-tutorial/docs/lesson_02/</link><pubDate>Mon, 01 Jan 0001 00:00:00 +0000</pubDate><guid>https://mastergroosha.github.io/telegram-tutorial/docs/lesson_02/</guid><description>Введение Нашей целью будет создание простой игры из серии &amp;ldquo;Угадай мелодию&amp;rdquo;. В первом уроке мы договорились, что мы делаем прототип, поэтому в том боте, который мы получим, не будет ни таблицы рекордов, ни какой-либо статистики, ни поддержки групповых чатов. Зато мы научимся создавать кастомные клавиатуры, отправлять голосовые заметки и создавать мультишаговые команды.
Займёмся подготовкой базы данных для нашего бота.
Учимся уважать серверы Telegram Итак, для начала, подготовим аудиофайлы для отправки. Чтобы не усложнять никому жизнь, будем отправлять аудио как голосовые заметки в формате OGG, а не как музыку.</description></item><item><title>Урок 3</title><link>https://mastergroosha.github.io/telegram-tutorial/docs/lesson_03/</link><pubDate>Mon, 01 Jan 0001 00:00:00 +0000</pubDate><guid>https://mastergroosha.github.io/telegram-tutorial/docs/lesson_03/</guid><description>Завершаем бота, начатого в прошлом уроке.
Добавляем клавиатуру Базу данных и хранилище подготовлено, осталось написать саму логику. Начнем с того, что добавим в файл utils.py функцию, создающую кастомную клавиатуру с вариантами ответа.
def generate_markup(right_answer, wrong_answers): &amp;#34;&amp;#34;&amp;#34; Создаем кастомную клавиатуру для выбора ответа :param right_answer: Правильный ответ :param wrong_answers: Набор неправильных ответов :return: Объект кастомной клавиатуры &amp;#34;&amp;#34;&amp;#34; markup = types.ReplyKeyboardMarkup(one_time_keyboard=True, resize_keyboard=True) # Склеиваем правильный ответ с неправильными all_answers = &amp;#39;{},{}&amp;#39;.format(right_answer, wrong_answers) # Создаем лист (массив) и записываем в него все элементы list_items = [] for item in all_answers.</description></item><item><title>Урок 4</title><link>https://mastergroosha.github.io/telegram-tutorial/docs/lesson_04/</link><pubDate>Mon, 01 Jan 0001 00:00:00 +0000</pubDate><guid>https://mastergroosha.github.io/telegram-tutorial/docs/lesson_04/</guid><description>С простым ботом наконец-то разобрались, теперь будем осваивать различные &amp;ldquo;плюшки&amp;rdquo;. Первая из них и, пожалуй, самая главная, — вебхуки.
А в чём, собственно, разница? (Следующий абзац был написан в 2015-2016г., библиотеки с того момента много обновлялись, поэтому в некоторых случаях использовать Long Polling будет не хуже, чем вебхуки).
Давайте для начала разберемся, как боты принимают сообщения. Первый и наиболее простой вариант заключается в периодическом опросе серверов Telegram на предмет наличия новой информации.</description></item><item><title>Урок 5</title><link>https://mastergroosha.github.io/telegram-tutorial/docs/lesson_05/</link><pubDate>Mon, 01 Jan 0001 00:00:00 +0000</pubDate><guid>https://mastergroosha.github.io/telegram-tutorial/docs/lesson_05/</guid><description>Примечание к уроку Сам текст написан в 2015-м. В начале 2017 года ВК начал требовать токен пользователя для вызова метода wall.get и многих других. Процесс получения токена для ВК не относится к теме учебника, следовательно, описан не будет. По ссылке https://vk.com/dev/manuals любой желающий сможет найти документацию и описание процесса получения токена.
Где-то в 2018-2019 годах метод wall.get начал возвращать другую структуру ответа. Текст и код урока написаны для версии API v5.</description></item><item><title>Урок 6</title><link>https://mastergroosha.github.io/telegram-tutorial/docs/lesson_06/</link><pubDate>Mon, 01 Jan 0001 00:00:00 +0000</pubDate><guid>https://mastergroosha.github.io/telegram-tutorial/docs/lesson_06/</guid><description>⚠️ Важно! Сервис Botan в середине 2018 года был отключен и больше не работает. Урок оставлен исключительно для истории.
Описание Вы наверняка уже видели новость о такой чудесной системе аналитики для ботов Telegram, как Botan. Сам я ей пользуюсь уже несколько месяцев, поэтому могу с уверенностью сказать, что штука эта очень полезная и качественная. Сегодня мы научимся пользоваться Ботаном в наших Telegram-ботах. В данном уроке будет рассмотрено только подключение бота к Botan через веб-интерфейс, всё, что касается их бота, вы можете рассмотреть самостоятельно.</description></item><item><title>Урок 7</title><link>https://mastergroosha.github.io/telegram-tutorial/docs/lesson_07/</link><pubDate>Mon, 01 Jan 0001 00:00:00 +0000</pubDate><guid>https://mastergroosha.github.io/telegram-tutorial/docs/lesson_07/</guid><description>⚠️ Важно! Код, приведённый здесь, актуален для первой версии Bot API. Пожалуйста, откройте урок 8, чтобы узнать о важных изменениях.
Введение 4 января 2016 года разработчики Telegram выпустили большое дополнение к существующему BotAPI, заключающееся в появлении встраиваемых ботов.
К сожалению, не все до конца понимают, в чем их особенность. А вот в чем: если раньше для того, чтобы получить какую-либо информацию от бота и перекинуть её собеседнику нужно было открывать диалог с ботом, писать всякие команды, а потом пересылать ответ в нужный чат, то теперь всё стало быстрее и проще (для некоторых ситуаций): просто открываете нужный чат, вызываете бота, введя его ник в поле ввода сообщения, ставите пробел и пишете свой запрос.</description></item><item><title>Урок 8</title><link>https://mastergroosha.github.io/telegram-tutorial/docs/lesson_08/</link><pubDate>Mon, 01 Jan 0001 00:00:00 +0000</pubDate><guid>https://mastergroosha.github.io/telegram-tutorial/docs/lesson_08/</guid><description>Введение В начале апреля 2016 года вышло первое по-настоящему крупное обновление API для ботов. Изменений довольно много, поэтому материал я разобью на несколько частей. Сегодня поговорим об inline-кнопках и редактировании сообщений, а затем обсудим новые инлайн-режимы вместе со специальными кнопками для отправки геолокации и номера телефона.
Новые возможности Начнём с двух важных изменений:
Каждая кнопка, будь то обычная или инлайн, это теперь самостоятельный объект KeyboardButton или InlineKeyboardButton, не забудьте обновить своих ботов!</description></item><item><title>Creating a New Theme</title><link>https://mastergroosha.github.io/telegram-tutorial/posts/creating-a-new-theme/</link><pubDate>Sun, 28 Sep 2014 00:00:00 +0000</pubDate><guid>https://mastergroosha.github.io/telegram-tutorial/posts/creating-a-new-theme/</guid><description>Introduction This tutorial will show you how to create a simple theme in Hugo. I assume that you are familiar with HTML, the bash command line, and that you are comfortable using Markdown to format content. I&amp;rsquo;ll explain how Hugo uses templates and how you can organize your templates to create a theme. I won&amp;rsquo;t cover using CSS to style your theme.
We&amp;rsquo;ll start with creating a new site with a very basic template.</description></item><item><title>Migrate to Hugo from Jekyll</title><link>https://mastergroosha.github.io/telegram-tutorial/posts/migrate-from-jekyll/</link><pubDate>Mon, 10 Mar 2014 00:00:00 +0000</pubDate><guid>https://mastergroosha.github.io/telegram-tutorial/posts/migrate-from-jekyll/</guid><description>Move static content to static Jekyll has a rule that any directory not starting with _ will be copied as-is to the _site output. Hugo keeps all static content under static. You should therefore move it all there. With Jekyll, something that looked like
▾ &amp;lt;root&amp;gt;/ ▾ images/ logo.png should become
▾ &amp;lt;root&amp;gt;/ ▾ static/ ▾ images/ logo.png Additionally, you&amp;rsquo;ll want any files that should reside at the root (such as CNAME) to be moved to static.</description></item><item><title>Урок 9</title><link>https://mastergroosha.github.io/telegram-tutorial/docs/lesson_09/</link><pubDate>Mon, 01 Jan 0001 00:00:00 +0000</pubDate><guid>https://mastergroosha.github.io/telegram-tutorial/docs/lesson_09/</guid><description>⁠ Продолжаю рассказывать о нововведениях в Bot API версии 2. Мы не будем рассматривать методы getChat, getChatMember и т.д., которые появились в обновлении 2.1: они интуитивно понятны и особых проблем не вызывают. Вопросы могут возникнуть при изучении специальных обычных кнопок, вроде тех, что запрашивают у вас номер телефона и геолокацию, при попытке получить отредактированное сообщение, а также при работе с уже загруженными в облако объектами с инлайн-режимом. Обо всём по порядку.</description></item><item><title>Урок 10</title><link>https://mastergroosha.github.io/telegram-tutorial/docs/lesson_10/</link><pubDate>Mon, 01 Jan 0001 00:00:00 +0000</pubDate><guid>https://mastergroosha.github.io/telegram-tutorial/docs/lesson_10/</guid><description>⁠⁠ С момента публикации предыдущего урока и по состоянию на момент написания этого, Telegram выпустил одно крупное обновление Bot API (3.0), а также несколько мелких (3.1-3.3). Сразу отмечу, ни отправка видеосообщений, ни платежи (по ним есть отличный пример в репозитории pyTelegramBotAPI), ни работа со стикерами рассмотрены не будут.
Удаляем сообщения Начнём с того, что научим нашего бота в группе удалять сообщения, в которых есть ссылки. Добавим бота в группу и назначим его администратором с правом удаления и блокировки (пригодится позже).</description></item><item><title>Урок 11</title><link>https://mastergroosha.github.io/telegram-tutorial/docs/lesson_11/</link><pubDate>Mon, 01 Jan 0001 00:00:00 +0000</pubDate><guid>https://mastergroosha.github.io/telegram-tutorial/docs/lesson_11/</guid><description>Общая часть Полезных ботов мы уже умеем делать (если вам вдруг так не кажется, перечитайте первые уроки), теперь пора делать, кхм, «смышлённых».
Но для начала – немного теории. Будем считать, что диалог пользователя с ботом можно разбить на логические части: начало диалога, запрос одной информации, запрос другой информации, возврат к определенному этапу диалога, конец диалога. При этом можно сказать, что при каждом сообщении пользователя, его состояние (или состояние бота, с какой стороны посмотреть) меняется, и между этими состояниями осуществляются переходы.</description></item><item><title>Урок 12</title><link>https://mastergroosha.github.io/telegram-tutorial/docs/lesson_12/</link><pubDate>Mon, 01 Jan 0001 00:00:00 +0000</pubDate><guid>https://mastergroosha.github.io/telegram-tutorial/docs/lesson_12/</guid><description>Введение Если вы по какой-то причине всё ещё используете pyTelegramBotAPI, то этот урок вам сильно пригодится.
Те, кто уже перешёл на что-то другое (например, aiogram) могут продолжать использовать поллинг (polling), а на вебхуки переходить по необходимости. При использовании библиотеки pyTelegramBotAPI читатель может столкнуться с очень ненадёжной работой бота при использовании поллинга. Решений этой проблемы два: перейти на другую библиотеку или использовать вебхуки.
В уроке номер четыре я писал, что т.</description></item><item><title>Урок 13</title><link>https://mastergroosha.github.io/telegram-tutorial/docs/lesson_13/</link><pubDate>Mon, 01 Jan 0001 00:00:00 +0000</pubDate><guid>https://mastergroosha.github.io/telegram-tutorial/docs/lesson_13/</guid><description>Введение Добро пожаловать в 2020! В последний раз мы рассматривали нововведения Bot API аж в далёком 2017 году, когда появилось удаление сообщений и ограничения в чатах. С тех пор вышло много чего интересного и, возможно, о чём-то стоит выпустить отдельные уроки.
А сегодня мы познакомимся с опросами 2.0, точнее, с новой сущностью: викторинами (quiz). Викторина – это именно то, что вы и предположили; тест с одним правильными вариантом ответа и ещё N неправильными.</description></item><item><title>Урок 14</title><link>https://mastergroosha.github.io/telegram-tutorial/docs/lesson_14/</link><pubDate>Mon, 01 Jan 0001 00:00:00 +0000</pubDate><guid>https://mastergroosha.github.io/telegram-tutorial/docs/lesson_14/</guid><description>Эта глава отныне доступна во второй версии книги, бесплатно, без регистрации и SMS.</description></item><item><title>(Hu)go Template Primer</title><link>https://mastergroosha.github.io/telegram-tutorial/posts/goisforlovers/</link><pubDate>Wed, 02 Apr 2014 00:00:00 +0000</pubDate><guid>https://mastergroosha.github.io/telegram-tutorial/posts/goisforlovers/</guid><description>Hugo uses the excellent Go html/template library for its template engine. It is an extremely lightweight engine that provides a very small amount of logic. In our experience that it is just the right amount of logic to be able to create a good static website. If you have used other template systems from different languages or frameworks you will find a lot of similarities in Go templates.
This document is a brief primer on using Go templates.</description></item><item><title>Getting Started with Hugo</title><link>https://mastergroosha.github.io/telegram-tutorial/posts/hugoisforlovers/</link><pubDate>Wed, 02 Apr 2014 00:00:00 +0000</pubDate><guid>https://mastergroosha.github.io/telegram-tutorial/posts/hugoisforlovers/</guid><description>Step 1. Install Hugo Go to Hugo releases and download the appropriate version for your OS and architecture.
Save it somewhere specific as we will be using it in the next step.
More complete instructions are available at Install Hugo
Step 2. Build the Docs Hugo has its own example site which happens to also be the documentation site you are reading right now.
Follow the following steps:
Clone the Hugo repository Go into the repo Run hugo in server mode and build the docs Open your browser to http://localhost:1313 Corresponding pseudo commands:</description></item><item><title/><link>https://mastergroosha.github.io/telegram-tutorial/dev/cheatsheet/</link><pubDate>Mon, 01 Jan 0001 00:00:00 +0000</pubDate><guid>https://mastergroosha.github.io/telegram-tutorial/dev/cheatsheet/</guid><description>Cheatsheet Buttons Buttons are styled links that can lead to local page or external link.
{{&amp;lt; button relref=&amp;#34;/&amp;#34; [class=&amp;#34;...&amp;#34;] &amp;gt;}}Get Home{{&amp;lt; /button &amp;gt;}} {{&amp;lt; button href=&amp;#34;https://github.com/alex-shpak/hugo-book&amp;#34; &amp;gt;}}Contribute{{&amp;lt; /button &amp;gt;}} Get Home Contribute Columns Columns help organize shorter pieces of content horizontally for readability.
{{&amp;lt; columns &amp;gt;}} &amp;lt;!-- begin columns block --&amp;gt; # Left Content Lorem markdownum insigne... &amp;lt;---&amp;gt; &amp;lt;!-- magic sparator, between columns --&amp;gt; # Mid Content Lorem markdownum insigne.</description></item></channel></rss>